Workbook

Sheet Actives
A1: # | B1: Name | C1: Supplier | D1: Cost per gram
B2: Ectoin® natural | C2: Bitop | D2: TBC
B3: Skinmimics® PRO MB | C3: Evonik | D3: TBC
B4: Dermabiotics GN | C4: SK Bioland | D4: TBC
B5: Defensil® Plus | C5: RAHN | D5: TBC
B6: AmelioSense™ | C6: Mibelle Biochemistry | D6: TBC
B7: Agefinity™ | C7: Givaudan | D7: TBC
B8: ETERWELL™ YOUTH | C8: DSM-Firmenich | D8: TBC
B9: SYN®-COLL CB | C9: DSM-Firmenich | D9: TBC
B10: ILUMYS® | C10: Greentech Biotechnologies | D10: TBC
B11: ENDOTHELYOL® | C11: Givaudan | D11: TBC
B12: Sytenol® A | C12: Sytheon | D12: TBC
B13: NovoRetin™ | C13: Mibelle Biochemistry | D13: TBC
... B16: Vetivyne™ | C16: Givaudan | D16: TBC
B17: Active 16
B18: Active 17
B19: Active 18
B20: Active 19
B21: Active 20

Sheet Bases
A1: Name | B1: Cost per gram | C1: Ages | D1: Skin Type | E1: Skin Moisture | F1: Acne Suitable | G1: Retinoid | H1: Sesnory Preference | I1: pH | J1: spreadability | K1: Active Compatibility | L1: Climate | M1: Layering | N1: Occlusivity
A2: Light Lotion | B2: $ | C2: 18-35 | D2: Oily/Combination | E2: Normal to Slightly Oily | F2: Yes | G2: No | H2: low viscosity, fast-absorbing, non-occlusive, low residue | I2: 4-6 | J2: High | K2: Water/Oil soluble | L2: Hot | M2: Excellent | N2: Low
A3: Moisturiser | B3: $$ | C3: 18-35 | D3: Normal skin | E3: Normal | F3: Yes | G3: No | H3: Medium viscosity, balanced emolliency, moderate substantivity, non-greasy finish | I3: 4-6 | J3: Medium-High | K3: Water/Oil soluble | L3: Moderate | M3: Good | N3: Medium
A4: Cream | B4: $$$ | C4: 35+ | D4: Dry / Mature | E4: Dry | F4: No | G4: Yes | H4: High viscosity, high emolliency, increased substantivity, enhanced occlusivity | I4: 4-6 | J4: Medium | K4: Water/Oil soluble | L4: Cold | M4: Fair | N4: High
A5: Serum | B5: $$$$ | C5: All Ages | D5: All Skin Type | E5: All Moisture Levels | F5: Yes | G5: Yes | H5: Low viscosity, rapid absorption, minimal residue, high spreadability | I5: 4-6 | J5: Very High | K5: Water/Oil soluble | L5: Any | M5: Excellent | N5: Very Low
A6: Oil | B6: $$$$ | C6: 35+ | D6: Dry / Mature | E6: Dry | F6: No | G6: Yes | H6: High slip, high lubricity, lipid-rich, prolonged emolliency, occlusive finish | I6: 4-6 | J6: Very High | K6: Oil Soluble | L6: Cold | M6: Fair | N6: Very High

Sheet Top 15 Actives Detail
A1: Ingredient | B1: Supplier | C1: INCI / Composition | D1: Primary Skin Concerns Covered | E1: Increase hydration | F1: Repair barrier | G1: Microbiome balance | H1: Reduce redness | I1: Soothe irritation | J1: Reduce itchiness | K1: Reduce sebum production | L1: Skin brightening | M1: Reduce fine lines | N1: Reduce wrinkle length/depth | O1: Jawline firming | P1: Increase collagen production | Q1: Skin firming | R1: Reduce eye bag | S1: Reduce under eye dark circle | T1: Minimise pores - mature skin | U1: Minimise pores - oily skin | V1: Anti-blue light | W1: Anti-pollution | X1: Texture improvement | Y1: Key claims | Z1: Mechanism of functional action | AA1: Evidence summary | AB1: Usage level | AC1: Grams per 100g total active + base | AD1: Recommended pH | AE1: Appearance | AF1: Water or oil soluble | AG1: Phase to add | AH1: Natural / synthetic notes | AI1: Source file | AJ1: Primary Category | AK1: Category Detail | AL1: Key Highlights | AM1: Key Benefits | AN1: Suitable For | AO1: Implementation Phase | AP1: AI Tags | AQ1: AI Tags 2 | AR1: Incompatibilities
A2: Ectoin® natural | B2: Bitop | C2: Ectoin | D2: Barrier, Redness, Pollution Protection, Hydration | E2: 20 | F2: 19 | G2: 16 | H2: 18 | I2: 19 | J2: 18 | K2: 0 | L2: 12 | M2: 14 | N2: 13 | O2: 5 | P2: 5 | Q2: 7 | R2: 4 | S2: 5 | T2: 3 | U2: 2 | V2: 19 | W2: 20 | X2: 13 | Y2: Ultimate protection and repair: hydration, barrier repair, anti-inflammatory, blue light, anti-pollution, brightening and microbiome support. | Z2: Extremolyte forms an Ectoin Hydro Complex around proteins, membranes and cells; stabilises biomolecules, lowers inflammatory stress, reduces TEWL and protects against environmental stress. | AA2: In vivo, ex vivo and in vitro. Clinical data includes hydration/barrier repair, anti-wrinkle, irritation reduction, anti-pollution, blue light protection, brightening and microbiome support. | AB2: 0.3–2% typical; 0.5–2% in studies | AC2: 2 | AD2: 1 to 9 | AE2: White powder | AF2: Water soluble, soluble in glycerol & propylene glycol | AH2: 100% pure and natural; made by biotechnology | AI2: 19_SOFW_Ectoin fights pollution induced skin pigmentation _EN.pdf; 22_Ectoin_natural_Factsheet_bitop AG_44p.pdf; Ectoin TDS.pdf | AJ2: Barrier & Protection | AK2: Barrier Protection / Environmental Defence | AL2: Hydration, barrier repair, anti-pollution, anti-redness | AM2: Multi-functional stress-protection active for hydration, barrier repair, redness, pollution and blue-light defence. | AN2: Sensitive, rosacea-prone, dehydrated, urban, post-procedure and barrier-impaired skin. | AO2: Phase 1 | AP2: barrier, redness, pollution, blue-light, sensitive | AQ2: ectoin, hydration, barrier, redness, pollution, blue light, sensitive skin, rosacea
A3: Skinmimics® PRO MB | B3: Evonik | C3: Ceramide EOP; Ceramide NP; Ceramide NS; Ceramide AP; Cholesterol; Behenic Acid; Polyglyceryl 10 Stearate; Polyglyceryl-6 Behenate; Glycerin; Cetearyl Alcohol; Glyceryl Stearate; Sodium Cetearyl Sulfate; Triethyl Citrate; Lactic Acid; Aqua | D3: Barrier Repair, Sensitive Skin, Dry Skin | E3: 17 | F3: 20 | G3: 2 | H3: 10 | I3: 12 | J3: 8 | K3: 0 | L3: 0 | M3: 8 | N3: 6 | O3: 0 | P3: 0 | Q3: 2 | R3: 0 | S3: 0 | T3: 2 | U3: 0 | V3: 0 | W3: 0 | X3: 8 | Y3: Skin-identical lipid complex for barrier repair, moisture retention, dryness relief and sensitive-skin support. | Z3: Replenishes stratum corneum lipid architecture with ceramide-like and cholesterol/fatty-acid components; supports lamellar barrier structure and reduces TEWL. | AA3: Supplier technical substantiation expected; scores aligned to ceramide barrier-repair mechanism and comparable skin-identical lipid systems in the library. | AB3: 0.5–5%. Recommend 2% | AC3: 2 | AD3: 4.0–6.0 | AE3: Low viscous liquid | AF3: Water-dispersible lipid concentrate / emulsion-compatible; confirm final grade. | AG3: Can be cold processed. Add during cooling process under 40 degrees C | AH3: Nature-derived/biomimetic lipid system; confirm ISO natural-origin index and exact grade. | AI3: SKINMIMICS PRO - PDR .pdf; SKINMIMICS PRO MB_TI_A0323.pdf | AJ3: Barrier Repair | AK3: Barrier Repair / Ceramide System | AL3: Ceramide replacement, barrier recovery | AM3: Ceramide-based barrier recovery, hydration support, reduced dryness and sensitive-skin reinforcement. | AN3: Dry, sensitive, eczema-prone, barrier-impaired, post-treatment and compromised skin. | AO3: Phase 1 | AP3: barrier, ceramide, repair | AQ3: barrier, ceramide, lipid repair, TEWL, dry skin, sensitive skin, compromised barrier
A4: Dermabiotics HDB1196 GN | B4: SK Bioland | C4: Glycerine, Lactobacillus Ferment Lysate, Sodium Hyaluronate | D4: Microbiome, Barrier Repair, Sensitive Skin | E4: 10 | F4: 14 | G4: 18 | H4: 10 | I4: 12 | J4: 8 | K4: 0 | L4: 0 | M4: 14 | N4: 14 | O4: 0 | P4: 18 | Q4: 12 | R4: 0 | S4: 0 | T4: 0 | U4: 0 | V4: 0 | W4: 0 | X4: 10 | Y4: Cell-free probiotic lysate platform; microbiome care, inner-skin solution, anti-wrinkle support and collagen synthesis. | Z4: Low molecular weight cytosol (<2 kDa) from probiotics, post-fermented with HA; designed for penetration without live-cell antagonism; supports S. epidermidis viability. | AA4: In vitro microbiome feasibility; SKB1196 maintained/increased S. epidermidis viability; in vitro MMP-1 inhibition and collagen type I upregulation. | AB4: 1–5%, 3% recommended | AC4: 3 | AD4: 4.0–6.0 | AE4: Transparent Light yellow liquid | AF4: Water-soluble filtrate | AG4: Thermal stability to 40 degrees C | AH4: ISO 16128 natural index 1.0 stated | AI4: DERMABIOTICS v. 1.0..pdf; DERMABIOTICS SKB1196 GN - COMPOSITION copy.pdf; Dermabiotics PowerPoint.pdf | AJ4: Microbiome | AK4: Microbiome / Collagen Support | AL4: Microbiome balance, barrier support | AM4: Cell-free probiotic lysate; microbiome care, collagen support and anti-wrinkle positioning. | AN4: Sensitive, microbiome-impaired or early-ageing skin. | AO4: Phase 1 | AP4: microbiome, barrier, sensitive | AQ4: microbiome, probiotic lysate, collagen, wrinkle, sensitive skin, barrier
A5: Defensil® Plus | B5: RAHN | C5: Octyldodecanol, Ribes Nig rum (Black Currant) Seed Oil, Helianthus Annuus (Sun flower) Seed Oil Unsaponifiables, Cardiospermum Halica cabum Flower/Leaf/Vine Extract, Tocopherol, Helianthus Annuus (Sunflower) Seed Oil, Rosmarinus Officinalis (Rosemary) Leaf Extract | D5: Redness, Itch, Sensitive Skin | E5: 8 | F5: 16 | G5: 0 | H5: 18 | I5: 20 | J5: 18 | K5: 0 | L5: 0 | M5: 3 | N5: 2 | O5: 0 | P5: 0 | Q5: 2 | R5: 0 | S5: 0 | T5: 0 | U5: 0 | V5: 0 | W5: 2 | X5: 8 | Y5: Sensitive-skin soothing active for redness, irritation, itch and compromised barrier comfort. | Z5: Botanical lipid blend rich in soothing/omega-lipid components helps rebalance inflammatory stress, reinforce barrier comfort and calm reactive skin. | AA5: Supplier substantiation expected; widely positioned for atopic-prone, irritated and sensitive skin. Scores reflect strong soothing/anti-redness/anti-itch positioning. | AB5: 1–5% | AC5: 2 | AD5: 4.0–6.0 | AF5: Oil-soluble / oil-dispersible botanical lipid active; confirm final grade. | AG5: Emulsion/oil-phase compatible. | AH5: Natural botanical/lipid active; confirm certified natural-origin percentage. | AI5: pd_marketing_leaflet_defensil-plus_summary_enp000001877.pdf; Defensil Plus.pdf; DEFENSIL-PLUS Datasheet.pdf | AJ5: Sensitive Skin | AK5: Sensitive Skin / Soothing / Redness | AL5: Reduce redness, soothe irritation, reduce itch | AM5: Soothes irritation, reduces redness and itch, supports barrier comfort for reactive skin. | AN5: Sensitive, irritated, itchy, redness-prone, eczema-prone and reactive skin. | AO5: Phase 1 | AP5: itch, redness, sensitive | AQ5: redness, itch, irritation, sensitive skin, reactive skin, barrier comfort, eczema-prone
A6: AmelioSense™ | B6: Mibelle Biochemistry | C6: Capsella Bursa-Pastoris Extract (and) Lecithin (and) Carnosine (and) Tocopherol (and) Silybum Marianum Fruit Extract (and) Maltodextrin (and) Aqua/Water | D6: Neurogenic Redness, Itch, Reactive Skin | E6: 4 | F6: 8 | G6: 0 | H6: 20 | I6: 20 | J6: 14 | K6: 0 | L6: 2 | M6: 2 | N6: 0 | O6: 0 | P6: 0 | Q6: 2 | R6: 2 | S6: 2 | T6: 0 | U6: 0 | V6: 0 | W6: 8 | X6: 8 | Y6: Anti-redness and soothing active targeting pyroptosis, inflammation, visible blood vessels and irritated/flushed skin. | Z6: Shepherd’s purse extract plus antioxidant liposomal complex inhibits active caspase-1/pyroptosis, reduces free radicals and lowers inflammatory markers linked to rosacea-prone skin. | AA6: In vitro and in vivo studies: inhibits active caspase-1, reduces radicals and inflammatory gene expression; visibly reduces appearance of blood vessels, facial redness and blood flow in cheek area. | AB6: 2% | AC6: 2 | AD6: 4.0–6.0 | AF6: Water-phase compatible / aqueous phase incorporation | AG6: Add below 40°C in cooling phase; short exposure up to 60°C acceptable | AH6: Botanical extract + lecithin/antioxidant complex; natural-origin percentage supplier to confirm. | AI6: Brochure_AmelioSense.pdf; PPT_AmelioSense.pdf; AmelioSense Datasheet.pdf | AJ6: Neurocosmetic | AK6: Rosacea / Redness / Neuro-Inflammation | AL6: Reduce discomfort, stinging and itch | AM6: Reduces redness, visible vessels, blood flow, irritation and inflammatory discomfort in reactive skin. | AN6: Rosacea-prone, flushed, irritated, reactive, sensitive and redness-prone skin. | AO6: Phase 1 | AP6: itch, redness, reactive | AQ6: rosacea, redness, flushing, visible vessels, irritation, pyroptosis, sensitive skin, reactive skin
A7: Agefinity™ | B7: Givaudan | C7: Glycerin, Water, Sodium Mannose Phosphate, Mannose | D7: Longevity, Wrinkles, Firmness | E7: 6 | F7: 8 | G7: 0 | H7: 4 | I7: 3 | J7: 0 | K7: 0 | L7: 16 | M7: 18 | N7: 20 | O7: 18 | P7: 16 | Q7: 18 | R7: 6 | S7: 6 | T7: 8 | U7: 0 | V7: 4 | W7: 8 | X7: 18 | Y7: 3D Y reshaper; mitochondrial energy, matrix restructuring, DEJ reinforcement, deep wrinkles, neck wrinkles and age spots. | Z7: Reprograms mitochondrial metabolism in older cells, promotes dermal matrix restructuring and collagen fibre organization; supports proteasome activity and reduces oxidized proteins. | AA7: In vitro/ex vivo/in vivo data: ATP synthase activity up to 2.9x in mature cells; collagen fibre organisation up to 4.8x better; reticular dermis density +36%; age spot and wrinkle clinical data in dossier. | AB7: 0.1% to 4%, 4% in many ex vivo studies | AC7: 2 | AD7: 2 to 8 | AE7: Clear liquid | AF7: Water soluble/dispersible expected | AG7: Water phase at end | AH7: Vegetal-source green chemistry complex; Plant & biotechnology origin | AI7: Agefinity.pdf; Agefinity™_TLV20190409.pdf; RMIP V10 - AGEFINITY - 34161 - 20190322.pdf | AJ7: Skin Longevity | AK7: Skin Longevity / Mitochondrial Energy | AL7: Mitochondrial support, wrinkles, firmness | AM7: Mannose-6-phosphate complex supporting mitochondrial energy, dermal restructuring, DEJ, deep wrinkles, neck wrinkles and age spots. | AN7: Mature, sagging, neck/jawline, deep wrinkles and age spots. | AO7: Phase 1 | AP7: longevity, wrinkles, fatigue | AQ7: mitochondria, energy, longevity, deep wrinkles, neck wrinkles, age spots, firmness
A8: ETERWELL™ YOUTH | B8: DSM-Firmenich | C8: Epilobium Fleischeri Leaf/Stem Extract (and) Glycerin, Water, Citric Acid | D8: Senescence, Firmness, Rejuvenation | E8: 3 | F8: 3 | G8: 0 | H8: 6 | I8: 4 | J8: 2 | K8: 0 | L8: 2 | M8: 18 | N8: 18 | O8: 18 | P8: 19 | Q8: 18 | R8: 5 | S8: 2 | T8: 8 | U8: 2 | V8: 5 | W8: 6 | X8: 15 | Y8: Senolytic longevity active; reduces appearance of wrinkles, improves elasticity, smoothness, texture and skin resilience. | Z8: Rare alpine willowherb extract standardized in flavonoids; helps revert damage induced by excess senescent cells and improves collagen-supporting environment. | AA8: In vitro and in vivo; supplier states boost collagen in vitro and visible wrinkle/elasticity/texture improvements in vivo. | AB8: 1–3%; recommended 1.0% when ued with SYN-COLL 1.5% | AC8: 1 | AD8: 3.5–5.5 | AE8: Liquid | AF8: Water soluble | AH8: 100% natural origin; preservative-free | AI8: ETERWELL YOUTH customer presentation 2024.pdf; ETERWELL-YOUTH_Teaser_2024Mar.pdf; ETERWELL™ YOUTH Datasheet.pdf | AJ8: Senescence | AK8: Senescence / Skin Longevity | AL8: Senolytic activity, firmness, rejuvenation | AM8: Senolytic-style longevity active for firmness, wrinkles, collagen environment and youth markers. | AN8: Mature skin, prevention-focused anti-ageing and loss of firmness. | AO8: Phase 1 | AP8: senescence, firmness, ageing | AQ8: senescence, longevity, firmness, collagen, wrinkles, mature skin
A9: SYN®-COLL CB | B9: DSM-Firmenich | C9: Palmitoyl Tripeptide-5, Aqua, Glycerin | D9: Collagen, Wrinkles, Firmness | E9: 1 | F9: 1 | G9: 0 | H9: 4 | I9: 2 | J9: 0 | K9: 0 | L9: 0 | M9: 18 | N9: 20 | O9: 20 | P9: 20 | Q9: 19 | R9: 8 | S9: 2 | T9: 15 | U9: 6 | V9: 0 | W9: 0 | X9: 15 | Y9: TGF-β boosting collagen peptide; supports collagen reserves, sculpts face/neck, refines pores and protects from UV-induced collagen degradation. | Z9: Biomimetic palmitoyl tripeptide-5 supports TGF-β activation to stimulate and protect collagen; also shown to inhibit cytokines TNFα and IL-8 in vitro. | AA9: In vitro and in vivo; including 55-subject half-face study with ETERWELL YOUTH combination plus collagen, pore and wrinkle assessments. | AB9: 1–5%; recommended 1.5% when ued with ETERWELL YOUTH 1.0% | AC9: 1.5 | AD9: 3.0–7.0 | AE9: Liquid | AF9: Water soluble | AH9: 99.9% natural origin for product; peptide is patented/natural-origin | AI9: ETERWELL__YOUTH___SYN_-COLL_CB_presentation_10.2025[58888].pdf; SYN®-COLL Datasheet.pdf | AJ9: Collagen Peptide | AK9: Peptide / Collagen Support | AL9: Boost collagen, reduce wrinkles | AM9: Palmitoyl tripeptide collagen peptide for wrinkles, firmness and collagen support. | AN9: Wrinkles, loss of firmness, mature skin and neck/jawline concerns. | AO9: Phase 1 | AP9: collagen, wrinkles, firming | AQ9: peptide, collagen, wrinkles, firmness, jawline, mature skin
A10: ILUMYS® | B10: Greentech Biotechnologies | C10: Zingiber officinale (ginger) root extract, Triheptanoin | D10: Pigmentation, Age Spots, Brightening | E10: 2 | F10: 2 | G10: 0 | H10: 10 | I10: 10 | J10: 2 | K10: 0 | L10: 20 | M10: 6 | N10: 4 | O10: 0 | P10: 0 | Q10: 0 | R10: 0 | S10: 12 | T10: 3 | U10: 2 | V10: 6 | W10: 8 | X10: 10 | Y10: Intensive anti-dark-spot ingredient; targets both melanin and lipofuscin accumulation for age spots and uneven tone. | Z10: Gingerols inhibit tyrosinase/melanogenesis, reduce oxidative stress, lower inflammatory IL-8 and act on surrounding skin-cell dark spot signals. | AA10: In tubo DPPH EC50 0.25%; in vitro IL-8 -46% at 0.03%; literature on 6/8-gingerol tyrosinase/melanin inhibition. | AB10: 0.005 | AC10: 0.5 | AD10: 4.0–6.0 | AF10: Oil soluble | AH10: Botanical gingerol extract - 100% natural origin | AI10: ILUMYS.pdf | AJ10: Pigmentation | AK10: Pigmentation / Age Spots | AL10: Reduce age spots and uneven tone | AM10: Gingerol-based dark-spot active targeting melanin and lipofuscin, oxidative stress and inflammatory pigmentation. | AN10: Hyperpigmentation, age spots, uneven tone and photoaged skin. | AO10: Phase 1 | AP10: dark spots, pigmentation, brightening | AQ10: pigmentation, age spots, dark spots, melanin, lipofuscin, uneven tone
A11: ENDOTHELYOL® | B11: Givaudan | C11: Glycerin / Rosmarinyl Glucoside / Caffeoyl Glucoside / Gallyl Glucoside | D11: Rosacea, Redness, Flushing | E11: 2 | F11: 5 | G11: 0 | H11: 20 | I11: 18 | J11: 14 | K11: 0 | L11: 12 | M11: 4 | N11: 3 | O11: 0 | P11: 0 | Q11: 0 | R11: 6 | S11: 8 | T11: 2 | U11: 0 | V11: 0 | W11: 4 | X11: 8 | Y11: 5-in-1 active control of skin redness and rosacea; controls inflammation, neovascularisation and improves skin tone. | Z11: Plant polyphenol glucosides inhibit redness factors histamine, IL-8, PGE2, TNF-α and VEGF/neo-vessel formation. | AA11: In vitro/in-cell data: IL-8 -67%, PGE2 -54%, TNF-α -39%, histamine -19%, VEGF reduction; clinical rosacea improvement 7–12% in 28 days; brightening +11%. | AB11: 0.25–2.5%; 2% clinical | AC11: 2 | AD11: Use at pH of 6.5 and lower | AE11: Clear amber solution | AF11: Water/glycerin soluble | AG11: Incoproprate at temperature below 45 Degrees C | AH11: Biotechnology-modified natural plant acids in vegetable glycerin | AI11: 34148 ENDOTHELYOL Technical Data Sheet 20240320.pdf; Active Beauty_Endothelyol_TPV171211.pdf; ENDOTHELYOL-2.pdf; SF_Endothelyol_10072018.pdf | AJ11: Rosacea | AK11: Rosacea / Redness | AL11: Reduce vascular redness and flushing | AM11: 5-in-1 redness active controlling vascular redness, inflammation, histamine/itch, VEGF and skin tone. | AN11: Rosacea-prone, flushing, visible redness, sensitive and irritated skin. | AO11: Phase 1 | AP11: rosacea, redness, flushing | AQ11: rosacea, redness, flushing, VEGF, histamine, itch, sensitive skin
A12: Sytenol® A | B12: SytheonRosacea / Redness | C12: Bakuchiol | D12: Wrinkles, Acne, Pores | E12: 8 | F12: 7 | G12: 0 | H12: 10 | I12: 8 | J12: 0 | K12: 16 | L12: 10 | M12: 18 | N12: 18 | O12: 14 | P12: 17 | Q12: 15 | R12: 4 | S12: 2 | T12: 12 | U12: 18 | V12: 3 | W12: 5 | X12: 17 | Y12: Natural retinol alternative; anti-aging and anti-acne; improves wrinkles, skin roughness, tone, elasticity and firmness. | Z12: Retinol-like gene modulation without retinol instability; stimulates collagen I/III/IV, supports ECM/DEJ genes, antioxidant and anti-inflammatory activity. | AA12: In vitro gene expression, collagen stimulation and in vivo 12-week clinical study at 0.5%; published comparative retinol study. | AB12: 0.5–1.0% | AC12: 1 | AD12: pH should be lower than 6.5 or lower than 5.5 if pottasium sorbate or sodium benzoate are used as preservatives | AE12: Yellow to yellowish brown liquid | AF12: Oil soluble | AG12: Oil phase formulation | AH12: 100% natural; purified >95–99% bakuchiol; distinct from babchi oil | AI12: 2022-04 Sytenol A-Raw Material Information Profile.pdf; 2022-05 Sytenol A vs generic Bakuchi extracts.pdf; Brochure - Sytenol A Acne 2016.pdf; Brochure - Sytenol A Anti Aging 2016.pdf; Formulation Guidelines for Sytenol A - PDF Free Download.pdf; Presentation - 2022 Sytenol A.pdf; Study - Sytenol A vs Retinol Clinical Trial British J.Derm June 2018.pdf; Sytenol A formulation guide.pdf; Sytenol® A Anti-aging brochure 2022 DIGITAL.pdf | AJ12: Retinol Alternative | AK12: Retinol Alternative / Acne & Ageing | AL12: Wrinkles, acne, collagen stimulation | AM12: Bakuchiol for wrinkles, collagen, pores, sebum/acne support and texture improvement. | AN12: Ageing, acne-prone, oily, sensitive-to-retinoids and uneven texture skin. | AO12: Phase 1 | AP12: wrinkles, acne, pores | AQ12: bakuchiol, retinol alternative, acne, sebum, pores, wrinkles, collagen | AR12: Avoid combining with copper or iron ions or use Disoodium EDTA 0.1% or other chelating agent
A13: NovoRetin™ | B13: Mibelle Biochemistry | C13: Pistacia Lentiscus Gum/Pistacia Lentiscus (Mastic) Gum (and) Lecithin (and) Pentylene Glycol (and) Glyceryl Caprylate/Caprate (and) Caprylic/Capric Triglyceride (and) Aqua/Water | D13: Wrinkles, Acne, Sebum, Pores | E13: 8 | F13: 8 | G13: 0 | H13: 3 | I13: 1 | J13: 0 | K13: 15 | L13: 6 | M13: 18 | N13: 17 | O13: 8 | P13: 10 | Q13: 18 | R13: 8 | S13: 4 | T13: 20 | U13: 20 | V13: 0 | W13: 0 | X13: 18 | Y13: Natural retinol alternative; boosts endogenous retinoic acid effects, improves elasticity/density, immediate lifting, pores, blemishes, sebum and texture without classic retinoid drawbacks. | Z13: Inhibits CYP26A1 activity/expression to reduce degradation of naturally occurring retinoic acid, enhancing retinoic-acid signalling and retinol-like effects in skin. | AA13: In vitro/RHE and clinical: CYP26A1 gene expression inhibited up to 65%; IVL gene expression +720%; 2% clinical elasticity +20.4%, density +13.8%, immediate wrinkle depth -14.0%, length -13.7%, pore volume -41.7%, blackheads -40%, sebum -11%. | AB13: 2–3% | AC13: 2 | AD13: 4.0–6.0 | AF13: Water soluble | AG13: Add during cooling below 40°C. For cold processes dissolves in the aqeous phase | AH13: 100% natural origin; plant-based mastic resin delivery system | AI13: Brochure_NovoRetin.pdf; PPT_NovoRetin.pdf; NovoRetin.pdf | AJ13: Retinol Alternative | AK13: Retinol Alternative / Acne & Ageing | AL13: Retinoic acid booster, pores, acne | AM13: Mastic resin retinol alternative boosting endogenous retinoic acid; improves wrinkles, elasticity, density, pores, blemishes, sebum and texture. | AN13: Ageing, oily, acne-prone, enlarged pores, fine lines and retinoid-sensitive customers. | AO13: Phase 1 | AP13: wrinkles, pores, acne, sebum | AQ13: retinol alternative, pores, acne, sebum, wrinkles, texture, elasticity
A14: TRI-SOLVE® | B14: Sinerga | C14: Trehalose, Cholesterol, Ceramide NS, Hydrogenated Lecithin | D14: Barrier Repair, Dry Skin, Hydration | E14: 17 | F14: 19 | G14: 0 | H14: 6 | I14: 8 | J14: 5 | K14: 0 | L14: 0 | M14: 8 | N14: 0 | O14: 0 | P14: 0 | Q14: 0 | R14: 0 | S14: 0 | T14: 0 | U14: 0 | V14: 0 | W14: 0 | X14: 8 | Y14: Skin barrier recovery agent; hydrating/moisturizing, restores intercellular lipids, improves barrier homeostasis. | Z14: Patented nano-emulsion vehiculation delivers ceramide/cholesterol/trehalose into lower stratum corneum for faster barrier reconstruction and dehydration protection. | AA14: Technical/in vitro support in brochure; nano-structure TEM average 209 nm; barrier/hydration efficacy data in deck. | AB14: 1–3% | AC14: 2 | AD14: 4.5–7.5 (10% solution) | AE14: Liquid | AF14: Dispersible viscous gel / nano-emulsion | AH14: Mixed: trehalose/natural-like lipids; cholesterol or phytosterol version | AI14: trisolve-brochure.pdf; Tri-Solve P TDS rev.11 0724.pdf; tri-solve-general-statements-rmi-0519.pdf; tri-solve-p-general-statements-rmi-0322.pdf; TRI-SOLVE-P-SDS.pdf | AJ14: Barrier Repair | AK14: Barrier Repair / Ceramide Delivery | AL14: Ceramide/cholesterol barrier restoration | AM14: Ceramide/cholesterol/trehalose system for strong barrier recovery and dryness/irritation support. | AN14: Very dry, barrier-damaged, sensitive and eczema-prone skin. | AO14: Phase 1 | AP14: barrier, hydration, repair | AQ14: ceramide, cholesterol, barrier repair, dry skin, itch, irritation, eczema-prone
A15: Glycoin® natural | B15: Bitop | C15: Glyceryl Glucoside (and) Aqua/Water | D15: Hydration, Fatigue, Radiance | E15: 18 | F15: 14 | G15: 15 | H15: 12 | I15: 10 | J15: 8 | K15: 0 | L15: 12 | M15: 15 | N15: 14 | O15: 8 | P15: 12 | Q15: 11 | R15: 4 | S15: 4 | T15: 3 | U15: 2 | V15: 15 | W15: 12 | X15: 13 | Y15: Cell energizer; instant hydration, anti-aging, rejuvenation, blue light protection, microbiome support and brightening. | Z15: Stress-protection molecule from resurrection plant; stabilises membranes under low hydration, boosts ATP/cell metabolism, AQP3 and growth factors. | AA15: In vitro, in vivo and ex vivo studies: ATP, antioxidants, procollagen I, AQP3/blue light, microbiome support, hydration and brightening. | AB15: 0.5-2% | AC15: 1 | AD15: 4.0–6.0 | AE15: clear, colourless liquid | AF15: Water soluble | AH15: 100% natural, EcoCert/COSMOS, vegan | AI15: 22_Glycoin_natural_Factsheet_bitop AG_24p.pdf; Publication_EuroCosmetics Glycoin natural_Bitop_final.pdf; Glycoin® Natural Datasheet.pdf | AJ15: Circadian / Energy | AK15: Circadian / Energy | AL15: ATP boost, hydration, radiance | AM15: Glyceryl glucoside for cellular energy, hydration, radiance and tired-skin recovery. | AN15: Dull, tired, stressed, dehydrated and lifestyle-fatigued skin. | AO15: Phase 1 | AP15: fatigue, hydration, radiance | AQ15: energy, fatigue, hydration, radiance, sleep deprivation, dull skin
A16: Vetivyne™ | B16: Givaudan | C16: Propanediol, Water, Vetiveria zizanoides root extract | D16: Barrier, Firmness, Mature Skin | E16: 17 | F16: 18 | G16: 6 | H16: 4 | I16: 4 | J16: 2 | K16: 0 | L16: 2 | M16: 17 | N16: 16 | O16: 16 | P16: 8 | Q16: 18 | R16: 4 | S16: 2 | T16: 6 | U16: 0 | V16: 0 | W16: 0 | X16: 12 | Y16: Upcycled fragrance-inspired skin youth booster; improves hydration, barrier lipids, fatigue, wrinkles and firmness. | Z16: Reactivates skin lipid synthesis across sebocytes, keratinocytes and adipocytes; boosts ceramide precursors, CERT transport, cornified envelope proteins and adipocyte volume. | AA16: In vitro/ex vivo/proteomic and clinical data; ceramides/precursors +32–42%, CERT +124.5%, lipids +29.6%, barrier proteins +53–239%, sebum lipids +31%. | AB16: 1-3% | AC16: 2 | AD16: 4.0–7.5 (stable with pH of 3 to 11), formulate with pH between 4 and 10 | AE16: Amber liquid | AF16: Oil/emulsion compatible; confirm grade | AG16: Water phase at beginning or end | AH16: Natural/upcycled vetiver root active | AI16: Active Beauty Leaflet_Vetivyne™_TLV180322.pdf; Active Beauty Presentation_Vetivyne™_TPV180410; Vetivyne.pdf | AJ16: Barrier & Ageing | AK16: Barrier & Ageing / Lipid Booster | AL16: Lipids, barrier, firmness | AM16: Upcycled vetiver active boosting skin lipids, ceramides, barrier proteins, hydration, firmness and wrinkle/fatigue appearance. | AN16: Dry, mature, lipid-deficient, fatigued and barrier-impaired skin. | AO16: Phase 1 | AP16: barrier, firmness, dry skin | AQ16: barrier, lipids, ceramides, firmness, fatigue, wrinkles, mature skin

Sheet Compatibility
B2: BASES | C2: =Bases!A2 -> Light Lotion | D2: =Bases!A3 -> Moisturiser | E2: =Bases!A4 -> Cream | F2: =Bases!A5 -> Serum | G2: =Bases!A6 -> Oil | I2: ACTIVES | J2: =Actives!B2 -> Ectoin® natural | K2: =Actives!B3 -> Skinmimics® PRO MB | L2: =Actives!B4 -> Dermabiotics GN | M2: =Actives!B5 -> Defensil® Plus | N2: =Actives!B6 -> AmelioSense™ | O2: =Actives!B7 -> Agefinity™ | P2: =Actives!B8 -> ETERWELL™ YOUTH | Q2: =Actives!B9 -> SYN®-COLL CB | R2: =Actives!B10 -> ILUMYS® | S2: =Actives!B11 -> ENDOTHELYOL® | T2: =Actives!B12 -> Sytenol® A | U2: =Actives!B13 -> NovoRetin™ | V2: =Actives!B14 -> TRI-SOLVE® | W2: =Actives!B15 -> Glycoin® natural | X2: =Actives!B16 -> Vetivyne™ | Y2: =Actives!B17 -> Active 16 | Z2: =Actives!B18 -> Active 17 | AA2: =Actives!B19 -> Active 18 | AB2: =Actives!B20 -> Active 19 | AC2: =Actives!B21 -> Active 20
A3: BASES
A4: =Bases!A2 -> Light Lotion
A5: =Bases!A3 -> Moisturiser
A6: =Bases!A4 -> Cream
A7: =Bases!A5 -> Serum
A8: =Bases!A6 -> Oil | J8: X | K8: X | L8: X | N8: X | O8: X | P8: X | Q8: X | S8: X | U8: X | V8: X | W8: X
A10: ACTIVES
A11: =Actives!B2 -> Ectoin® natural | G11: X
A12: =Actives!B3 -> Skinmimics® PRO MB | G12: X
A13: =Actives!B4 -> Dermabiotics GN | G13: X
A14: =Actives!B5 -> Defensil® Plus
A15: =Actives!B6 -> AmelioSense™ | G15: X
A16: =Actives!B7 -> Agefinity™ | G16: X
A17: =Actives!B8 -> ETERWELL™ YOUTH | G17: X
A18: =Actives!B9 -> SYN®-COLL CB | G18: X
A19: =Actives!B10 -> ILUMYS®
A20: =Actives!B11 -> ENDOTHELYOL® | G20: X
A21: =Actives!B12 -> Sytenol® A
A22: =Actives!B13 -> NovoRetin™ | G22: X
A23: =Actives!B14 -> TRI-SOLVE® | G23: X
A24: =Actives!B15 -> Glycoin® natural | G24: X
A25: =Actives!B16 -> Vetivyne™
A26: =Actives!B17 -> Active 16
A27: =Actives!B18 -> Active 17
A28: =Actives!B19 -> Active 18
A29: =Actives!B20 -> Active 19
A30: =Actives!B21 -> Active 20

Sheet Scoring Guide
A1: Ingredient scoring sheet — assumptions
A2: Scores are directional 0–20 based on the supplied supplier PDFs and extracted evidence. 0 = no clear claimed function in provided material; 20 = strongest direct support among this ingredient set.
A3: Scores should be reviewed against final supplier TDS/SDS, regulatory claim wording, and finished-formula efficacy before commercial use.
A4: Evidence types are reported from the provided files only: in vivo, ex vivo, in vitro, instrumental, consumer study, or supplier technical data.
A5: Natural/synthetic is expressed as the supplier positioning or composition note where visible; exact ISO 16128 natural origin values should be confirmed with supplier documentation.
A6: Prepared: 2026-06-15

Sheet AI Taxonomy
A1: Primary Category | B1: When to use in AI matching | C1: Severity | D1: Identified by | E1: Notes
A2: Barrier Repair / Ceramide System | B2: Compromised barrier, dryness, eczema-prone, TEWL, sensitivity. | D2: Image | E2: Photo must also capture skin type
A3: Hydration / Barrier Water Flow | B3: Dehydration, tightness, roughness, low water reserves, dry climate. | E3: Skin type and sensory preference to be considered to choose the base
A4: Microbiome / Barrier Repair | B4: Sensitive, reactive, postbiotic/prebiotic needs, dysbiosis, acne-support context. | E4: Allergy from Questionnaire
A5: Rosacea / Redness | B5: Flushing, visible redness, rosacea-prone, vascular redness, sensitivity. | E5: Severity to be calculated by AI Analysis
A6: Acne & Sebum Control | B6: Oily skin, shine, enlarged pores in oily skin, blackheads, blemishes, C. acnes. | E6: Active gms per 100gms of base (Lindsay to provide a data sheet) We will use severity later.
A7: Retinol Alternative / Acne & Ageing | B7: Wrinkles + acne/oily skin, pores, texture, retinoid-sensitive customers. | E7: Pick an active/ Actives to pick the top 3 skin issues for an user
A8: Skin Longevity / Autophagy | B8: Prevention, mature skin, biological ageing, radiance, elasticity, healthspan. | D8: Questionnaire
A9: Senescence (Questionnaire) / Inflammaging (Image) | B9: Mature skin, chronic inflammation, loss of firmness, senescence markers. | D9: Questionnaire + Image
A10: Circadian / Energy | B10: Sleep deprivation, fatigue, morning dullness, lifestyle stress, puffy/tired look.
A11: Pigmentation / Age Spots | B11: Dark spots, melasma-like uneven tone, photoageing, lipofuscin/melanin.
A12: Blue Light / Environmental Protection | B12: Screen exposure, pollution, urban lifestyle, oxidative stress. | D12: Questionnaire
A13: Expression Wrinkle Peptide | B13: Forehead/crow's feet expression lines, preventative Botox-alternative positioning.
A14: Repair / Remodeling | B14: Stretch marks, body care, post-partum, repair/regeneration and ECM support.
A15: Botanical Oil / Regeneration | B15: Natural oil format, dry/mature skin, glow, emolliency and repair support.

Sheet anodiam_skin_concern_detection
A1: skin_concern_id | B1: skin_concern_name | C1: detectable_by_selfie | D1: detectable_by_questionnaire
A2: SC0001 | B2: Dry Skin | C2: 1 | D2: 1
A3: SC0002 | B3: Dehydrated Skin | C3: 1 | D3: 1
A4: SC0003 | B4: Compromised Skin Barrier | C4: 1 | D4: 1
A5: SC0004 | B5: Sensitive Skin | C5: 1 | D5: 1
A6: SC0005 | B6: Redness | C6: 1 | D6: 1
A7: SC0006 | B7: Rosacea | C7: 1 | D7: 1
A8: SC0007 | B8: Reactive Skin | C8: 1 | D8: 1
A9: SC0008 | B9: Acne | C9: 1 | D9: 1
A10: SC0009 | B10: Breakouts / Blemishes | C10: 1 | D10: 1
A11: SC0010 | B11: Excess Sebum (Oily Skin) | C11: 1 | D11: 1
A12: SC0011 | B12: Mature Skin | C12: 1 | D12: 1
A13: SC0012 | B13: Uneven Skin Tone | C13: 1 | D13: 1
... A33: SC2004 | B33: Microbiome Imbalance Risk | C33: 0 | D33: 1

Sheet anodiam_user_skin_concern_score
A1: skin_concern_id | B1: skin_concern_name | C1: detectable_by_selfie | D1: detectable_by_questionnaire
A2: SC0001 | B2: Dry Skin | C2: 1 | D2: 1
A3: SC0002 | B3: Dehydrated Skin | C3: 1 | D3: 1
A4: SC0003 | B4: Compromised Skin Barrier | C4: 1 | D4: 1
A5: SC0004 | B5: Sensitive Skin | C5: 1 | D5: 1
A6: SC0005 | B6: Redness | C6: 1 | D6: 1
A7: SC0006 | B7: Rosacea | C7: 1 | D7: 1
A8: SC0007 | B8: Reactive Skin | C8: 1 | D8: 1
A9: SC0008 | B9: Acne | C9: 1 | D9: 1
A10: SC0009 | B10: Breakouts / Blemishes | C10: 1 | D10: 1
A11: SC0010 | B11: Excess Sebum (Oily Skin) | C11: 1 | D11: 1
A12: SC0011 | B12: Mature Skin | C12: 1 | D12: 1
A13: SC0012 | B13: Uneven Skin Tone | C13: 1 | D13: 1
... A33: SC2004 | B33: Microbiome Imbalance Risk | C33: 0 | D33: 1
